"First Name","Last Name","Gender","People"
"Rebecca","Murphy","Female","479"
"Melissa","Morris","Female","790"
"Adrian","Cole","Male","064"
"Julian","Allen","Male","291"
"Elise","Johnson","Female","426"
"Lyndon","Hunt","Male","898"
"Arnold","Alexander","Male","003"
"Max","Moore","Male","202"
"Edward","Carter","Male","051"
"Michael","Taylor","Male","522"
"Melanie","Barrett","Female","157"
"Edith","Howard","Female","120"
"Abigail","Hamilton","Female","213"
"Kimberly","Harper","Female","949"
"Aston","Adams","Male","063"
"Edwin","Carroll","Male","413"
"Adrian","Reed","Male","700"
"Amy","Kelley","Female","871"
"Victoria","Thomas","Female","833"
"Emma","Tucker","Female","111"
"Lucy","Bailey","Female","038"
"Kate","Morgan","Female","860"
"Carlos","Bailey","Male","039"
"Annabella","Spencer","Female","117"
"Steven","Andrews","Male","368"
"Aida","Harris","Female","598"
"Adelaide","Anderson","Female","493"
"Kirsten","Montgomery","Female","090"
"Ada","Jones","Female","640"
"Catherine","Owens","Female","628"
"Paige","Morris","Female","469"
"Chester","Ross","Male","254"
"Abigail","Williams","Female","267"
"Ned","Stevens","Male","476"
"Caroline","Rogers","Female","832"
"Isabella","Brown","Female","012"
"Harold","Higgins","Male","924"
"Kirsten","Brooks","Female","274"
"Myra","Harris","Female","070"
"Darcy","Hill","Female","178"
"Kellan","West","Male","206"
"Sydney","Campbell","Female","990"
"James","Mitchell","Male","658"
"Albert","Smith","Male","590"
"Rubie","Gibson","Female","929"
"Victoria","Murray","Female","090"
"Leonardo","Douglas","Male","843"
"Alen","Douglas","Male","086"
"Frederick","Hunt","Male","244"
"Adele","Nelson","Female","077"
"Vincent","Warren","Male","505"
"Rosie","Adams","Female","653"
"Alfred","Elliott","Male","298"
"Tara","Johnston","Female","129"
"Marcus","Adams","Male","377"
"Daryl","Miller","Male","508"
"Miley","Riley","Female","492"
"Brooke","Craig","Female","257"
"Fiona","Adams","Female","549"
"Paul","Nelson","Male","565"
"Kelsey","Perkins","Female","639"
"Dale","Carter","Male","069"
"Richard","Howard","Male","067"
"Adele","Wright","Female","618"
"Freddie","Miller","Male","884"
"Melanie","Hill","Female","652"
"Kellan","Barrett","Male","533"
"Olivia","Walker","Female","116"
"Miller","Perry","Male","904"
"Ellia","Perry","Female","052"
"Tess","Hamilton","Female","701"
"Maya","Holmes","Female","689"
"Kevin","Parker","Male","708"
"Oscar","Anderson","Male","176"
"Brooke","Riley","Female","835"
"Tiana","Baker","Female","772"
"Michael","Murray","Male","342"
"Emily","Brown","Female","468"
"Jack","Barrett","Male","365"
"Emily","Payne","Female","874"
"Edgar","Owens","Male","977"
"Aiden","Henderson","Male","464"
"Kimberly","Phillips","Female","908"
"George","Craig","Male","300"
"Amelia","Edwards","Female","839"
"Freddie","Murphy","Male","324"
"Charlie","Craig","Male","414"
"Lana","Turner","Female","929"
"Connie","Evans","Female","324"
"Joyce","Roberts","Female","550"
"Cherry","Cunningham","Female","533"
"Blake","Farrell","Male","740"
"Gianna","Morris","Female","022"
"Dainton","Richardson","Male","328"
"Steven","Hill","Male","804"
"Maddie","Barrett","Female","024"
"Samantha","Warren","Female","801"
"Jared","Morris","Male","419"
"Richard","Watson","Male","241"
"Robert","Payne","Male","686"
"Emily","Cole","Female","588"
"Kelvin","Hunt","Male","357"
"Rubie","Howard","Female","288"
"Ashton","Payne","Male","024"
"Alan","Grant","Male","950"
"Camila","Reed","Female","102"
"Adam","Elliott","Male","777"
"Brooke","Warren","Female","732"
"Adison","Martin","Male","545"
"Lucas","Morrison","Male","403"
"Annabella","Mason","Female","349"
"Joyce","Warren","Female","079"
"Amber","Howard","Female","042"
"Melanie","Robinson","Female","949"
"Ada","Gray","Female","936"
"Daisy","Parker","Female","247"
"Luke","Tucker","Male","456"
"Emily","Kelly","Female","742"
"Vivian","Harper","Female","457"
"Roman","Thompson","Male","531"
"Abigail","Roberts","Female","787"
"Julia","Moore","Female","550"
"Connie","Hawkins","Female","069"
"Henry","Chapman","Male","393"
"Walter","Martin","Male","884"
"Alford","Harper","Male","142"
"Tony","Rogers","Male","610"
"Albert","Kelly","Male","952"
"Adrianna","Walker","Female","135"
"Maddie","Murphy","Female","713"
"Alina","Adams","Female","548"
"Antony","Craig","Male","163"
"Sawyer","Craig","Male","704"
"Alisa","Ellis","Female","283"
"Daniel","Miller","Male","898"
"Tara","Johnson","Female","865"
"Miley","Ellis","Female","969"
"Antony","Miller","Male","421"
"Eleanor","West","Female","601"
"Chloe","West","Female","061"
"Aiden","Spencer","Male","534"
"Ryan","Crawford","Male","535"
"Dominik","Stevens","Male","830"
"Amelia","Stevens","Female","465"
"Madaline","Montgomery","Female","380"
"Valeria","Parker","Female","226"
"Edgar","Tucker","Male","602"
"Madaline","Miller","Female","590"
"Natalie","West","Female","288"
"Cadie","Parker","Female","617"
"Alina","Ryan","Female","109"
"Caroline","Thomas","Female","233"
"Mike","Grant","Male","636"
"Victoria","Crawford","Female","675"
"John","Henderson","Male","387"
"Abraham","Kelley","Male","920"
"Kristian","Hall","Male","633"
"Sabrina","Moore","Female","723"
"Henry","Stewart","Male","852"
"Kimberly","West","Female","219"
"Fenton","Harris","Male","239"
"Briony","Payne","Female","619"
"Nicholas","Henderson","Male","944"
"Byron","Thomas","Male","614"
"Ellia","Riley","Female","177"
"Cherry","Stevens","Female","006"
"Ted","Stevens","Male","358"
"Robert","Nelson","Male","188"
"Catherine","Morris","Female","516"
"Freddie","Henderson","Male","859"
"Roland","Bennett","Male","023"
"Alfred","Wilson","Male","242"
"Wilson","Parker","Male","029"
"Joyce","Ryan","Female","660"
"Stella","Douglas","Female","022"
"Charlotte","Crawford","Female","303"
"Nicholas","Richardson","Male","514"
"Connie","Higgins","Female","230"
"Chester","Grant","Male","052"
"Max","Morgan","Male","682"
"Michelle","West","Female","344"
"Carl","Hill","Male","784"
"Aston","Wells","Male","721"
"Carlos","Martin","Male","309"
"Adelaide","Morris","Female","784"
"Jacob","Wright","Male","735"
"James","Robinson","Male","151"
"Dainton","Andrews","Male","353"
"Antony","Ferguson","Male","833"
"Adele","Morgan","Female","720"
"Sienna","Edwards","Female","706"
"Kirsten","Myers","Female","997"
"Amanda","Sullivan","Female","945"
"John","Spencer","Male","794"
"Chloe","Lloyd","Female","205"
"Connie","Taylor","Female","143"
"Richard","Holmes","Male","767"
"Sophia","Elliott","Female","562"
"April","Turner","Female","524"
"Edith","Henderson","Female","521"
"Cherry","Baker","Female","287"
"Kate","Fowler","Female","161"
"Lana","Lloyd","Female","775"
"Robert","Perkins","Male","567"
"Tess","Brown","Female","252"
"Audrey","Warren","Female","287"
"Leonardo","West","Male","137"
"Alberta","Owens","Female","462"
"William","Dixon","Male","571"
"Kelsey","Brown","Female","515"
"Martin","Chapman","Male","623"
"Arianna","Henderson","Female","775"
"Rubie","Johnston","Female","125"
"Jessica","Ross","Female","698"
"Luke","Martin","Male","779"
"Eddy","Holmes","Male","410"
"Heather","Davis","Female","760"
"Arnold","Cole","Male","233"
"Penelope","Wells","Female","616"
"Vivian","Ellis","Female","482"
"Emily","Brooks","Female","688"
"Elise","Harris","Female","844"
"April","Barrett","Female","176"
"Sophia","Bailey","Female","123"
"Rubie","Nelson","Female","445"
"John","Watson","Male","259"
"Clark","Morgan","Male","140"
"Chelsea","Cole","Female","191"
"Adelaide","Gray","Female","684"
"Vivian","Watson","Female","901"
"Jordan","Stevens","Male","403"
"Maximilian","Gibson","Male","342"
"Adele","Tucker","Female","328"
"Isabella","Harris","Female","567"
"Mary","Douglas","Female","855"
"Victoria","Harrison","Female","710"
"Lilianna","Morris","Female","295"
"Daisy","Russell","Female","180"
"Preston","Owens","Male","683"
"Kelvin","Holmes","Male","311"
"Roman","Bailey","Male","821"
"Tiana","Riley","Female","008"
"William","Howard","Male","965"
"Darcy","Gibson","Female","423"
"Abigail","Carroll","Female","073"
"Melanie","Cunningham","Female","529"
"Kelsey","Owens","Female","296"
"Audrey","Phillips","Female","986"
"Eleanor","Mitchell","Female","209"
"Natalie","Roberts","Female","054"
"Alissa","Cole","Female","892"
"Kirsten","Harrison","Female","584"
"Melanie","Richards","Female","765"
"Audrey","Wilson","Female","071"
"Oliver","Craig","Male","909"
"Daisy","Dixon","Female","155"
"Lucas","Andrews","Male","818"
"James","Clark","Male","982"
"Alina","Spencer","Female","948"
"Sophia","Johnson","Female","075"
"Tiana","Tucker","Female","118"
"Eddy","Warren","Male","598"
"Alan","Howard","Male","651"
"Tara","Warren","Female","256"
"Thomas","Thompson","Male","398"
"Cherry","Higgins","Female","667"
"Amy","Thomas","Female","196"
"Walter","Crawford","Male","998"
"Amelia","Turner","Female","673"
"Natalie","Morrison","Female","060"
"Sydney","Hill","Female","482"
"Lily","Anderson","Female","169"
"Dexter","Ryan","Male","857"
"Arnold","Myers","Male","253"
"Alexander","Clark","Male","257"
"Ada","Myers","Female","628"
"Justin","Roberts","Male","234"
"Charlotte","Morrison","Female","015"
"Michael","Craig","Male","734"
"Daisy","Alexander","Female","722"
"Naomi","Bennett","Female","472"
"Adelaide","Moore","Female","879"
"Victoria","Elliott","Female","223"
"Florrie","Sullivan","Female","964"
"Ellia","Morgan","Female","295"
"Vincent","Hunt","Male","920"
"Aston","Henderson","Male","551"
"Lydia","Russell","Female","466"
"Maria","Farrell","Female","406"
"Preston","Farrell","Male","845"
"Harold","Baker","Male","925"
"Caroline","Grant","Female","664"
"Connie","Douglas","Female","888"
"Sawyer","Bailey","Male","602"
"Eric","Russell","Male","867"
"Freddie","Richards","Male","305"
"Sam","Cunningham","Male","385"
"Oliver","Dixon","Male","374"
"Samantha","Baker","Female","852"
"Adele","Roberts","Female","863"
"Leonardo","Hunt","Male","286"
"Charlie","Cole","Male","377"
"Jordan","Holmes","Male","906"
"Victoria","Scott","Female","136"
"Eric","Evans","Male","341"
"Richard","Hamilton","Male","707"
"Arthur","Wright","Male","650"
"Sabrina","Roberts","Female","049"
"Anna","Wells","Female","243"
"Kelvin","West","Male","691"
"Derek","Wells","Male","199"
"Brianna","Gray","Female","048"
"Adrianna","Richards","Female","435"
"Abraham","Wright","Male","310"
"Kelvin","Walker","Male","788"
"Maximilian","Crawford","Male","432"
"Madaline","Wilson","Female","711"
"Alexander","Thomas","Male","560"
"Rubie","Cooper","Female","069"
"Carl","Moore","Male","587"
"Arianna","Scott","Female","181"
"Adam","Baker","Male","648"
"Gianna","Morgan","Female","258"
"Miller","Higgins","Male","328"
"Sawyer","Armstrong","Male","414"
"Roland","Harper","Male","282"
"Dexter","Russell","Male","799"
"Valeria","Craig","Female","426"
"Sabrina","Dixon","Female","737"
"Daryl","Spencer","Male","400"
"Adele","Ellis","Female","574"
"Amelia","Ross","Female","004"
"Ellia","Murphy","Female","152"
"Garry","Sullivan","Male","467"
"John","Brooks","Male","209"
"Henry","Owens","Male","994"
"Jack","Owens","Male","440"
"Spike","Stevens","Male","742"
"Alford","Ferguson","Male","530"
"Alisa","Sullivan","Female","680"
"Sabrina","Lloyd","Female","591"
"Adison","Brown","Male","410"
"Alberta","Gray","Female","736"
"Myra","Warren","Female","382"
"Jacob","Baker","Male","848"
"Frederick","Davis","Male","731"
"Aida","Bailey","Female","586"
"Oliver","Carter","Male","167"
"Elian","Gray","Male","153"
"Miranda","Scott","Female","630"
"Annabella","Thomas","Female","228"
"Miranda","Dixon","Female","309"
"Bruce","Hamilton","Male","146"
"Kirsten","Warren","Female","262"
"David","Cameron","Male","516"
"Patrick","Perkins","Male","321"
"Haris","Morrison","Male","739"
"Amanda","Bailey","Female","661"
"Eddy","Kelly","Male","339"
"Antony","Douglas","Male","130"
"Stuart","Morrison","Male","100"
"Kimberly","Myers","Female","676"
"Alberta","Gibson","Female","210"
"Carina","Morris","Female","658"
"Lily","Grant","Female","625"
"Thomas","Hamilton","Male","565"
"Byron","Morrison","Male","119"
"Adelaide","Dixon","Female","869"
"Brad","Crawford","Male","794"
"Amelia","Perry","Female","187"
"Emma","Johnston","Female","697"
"Bruce","Dixon","Male","332"
"Wilson","Russell","Male","449"
"Charlotte","Higgins","Female","193"
"Jenna","Spencer","Female","260"
"Arnold","Ryan","Male","923"
"Daryl","Lloyd","Male","206"
"Ted","Scott","Male","892"
"Emily","Hill","Female","558"
"Jared","Mason","Male","113"
"Harold","Russell","Male","047"
"Hailey","Ferguson","Female","765"
"Jessica","Wells","Female","470"
"Savana","Richards","Female","561"
"Clark","Myers","Male","093"
"Eddy","Riley","Male","499"
"Violet","West","Female","100"
"Jack","Johnson","Male","957"
"John","Anderson","Male","970"
"Rebecca","Montgomery","Female","839"
"Miller","Hall","Male","072"
"Tyler","Richards","Male","154"
"Amy","Davis","Female","385"
"Abigail","Anderson","Female","564"
"Fenton","Robinson","Male","570"
"Sydney","Gray","Female","135"
"Spike","Johnson","Male","347"
"Belinda","Baker","Female","542"
"Haris","Turner","Male","197"
"Henry","Elliott","Male","096"
"Jordan","Johnston","Male","070"
"Lyndon","Brown","Male","542"
"Sarah","Bennett","Female","203"
"Joyce","Morrison","Female","326"
"Charlie","Wells","Male","496"
"Lucia","Armstrong","Female","315"
"Rafael","Gray","Male","211"
"Tiana","Watson","Female","379"
"James","Armstrong","Male","939"
"Sophia","Crawford","Female","298"
"Dominik","Cameron","Male","491"
"Alina","Wilson","Female","647"
"Luke","Johnson","Male","684"
"Sam","Howard","Male","895"
"Ryan","Stewart","Male","091"
"Frederick","Evans","Male","153"
"Dale","Murray","Male","879"
"Kristian","Turner","Male","216"
"Julian","Carter","Male","457"
"Roman","Turner","Male","255"
"Dainton","Jones","Male","635"
"Maya","Harris","Female","704"
"Honey","Spencer","Female","055"
"Blake","Cunningham","Male","869"
"Robert","West","Male","514"
"Roman","Wilson","Male","079"
"Darcy","Foster","Female","644"
"Bruce","Grant","Male","413"
"Michael","Wells","Male","257"
"Max","Murray","Male","925"
"Lilianna","Riley","Female","275"
"Walter","Owens","Male","249"
"Nicholas","Brown","Male","159"
"Sofia","Barrett","Female","031"
"Madaline","Reed","Female","173"
"Melanie","Carroll","Female","136"
"Ned","Harris","Male","491"
"Aida","Thompson","Female","948"
"Hailey","Morgan","Female","895"
"Roland","Kelly","Male","009"
"David","Fowler","Male","049"
"Mike","Barnes","Male","636"
"Ellia","Warren","Female","137"
"Adam","Chapman","Male","558"
"Lily","Myers","Female","210"
"Jasmine","Gibson","Female","426"
"Ned","Grant","Male","754"
"Stella","Wells","Female","166"
"Sofia","Smith","Female","376"
"Andrew","Stevens","Male","541"
"Reid","Carter","Male","206"
"Jacob","Grant","Male","279"
"Briony","Alexander","Female","054"
"Carlos","Morrison","Male","036"
"Sawyer","Kelley","Male","996"
"Kelvin","Harper","Male","421"
"Dexter","Mitchell","Male","910"
"Fiona","Richards","Female","517"
"Stuart","Phillips","Male","623"
"Abraham","Harris","Male","053"
"Sofia","Spencer","Female","070"
"Adelaide","Casey","Female","993"
"Carl","Martin","Male","988"
"Valeria","Mason","Female","415"
"Victoria","Stevens","Female","405"
"Gianna","Johnson","Female","376"
"Kellan","Thompson","Male","569"
"Samantha","Stewart","Female","391"
"Edith","Gray","Female","208"
"Alisa","Clark","Female","337"
"Lenny","Myers","Male","989"
"Lucy","Hill","Female","828"
"Spike","Harris","Male","933"
"Edith","Wells","Female","043"
"Eddy","Perry","Male","519"
"Ted","Russell","Male","756"
"Deanna","Richards","Female","147"
"Hailey","Owens","Female","467"
"Lana","Hall","Female","444"
"Eddy","Cunningham","Male","149"
"Adam","Martin","Male","276"
"Rebecca","Warren","Female","729"
"Carl","Gray","Male","555"
"Maria","Miller","Female","585"
"Eric","Thompson","Male","492"
"Edgar","Harris","Male","083"
"Stella","Payne","Female","036"
"Sofia","Riley","Female","062"
"James","Morrison","Male","271"
"Abigail","Hawkins","Female","329"
"Adam","Cameron","Male","665"
"Oscar","Williams","Male","606"
"Jenna","Foster","Female","032"
"Byron","Nelson","Male","897"
"Miller","Holmes","Male","317"
"Savana","Davis","Female","195"
"Michael","Carroll","Male","455"
"Jessica","Owens","Female","658"
"Chelsea","Nelson","Female","417"
"Jared","Gray","Male","219"
"Anna","Smith","Female","456"
"Charlotte","Miller","Female","427"
"Kimberly","Perry","Female","258"
"Kate","Williams","Female","173"
"Kimberly","Ross","Female","742"
"Mary","Hill","Female","093"
"Aldus","Casey","Male","910"
"Rubie","Bailey","Female","791"
"Carina","Jones","Female","016"
"Brianna","Miller","Female","908"
"Florrie","Nelson","Female","831"
"Sarah","Campbell","Female","648"
"Daniel","Morgan","Male","326"
"Arnold","Parker","Male","832"
"Edith","Nelson","Female","120"
"Brad","Wells","Male","096"
"Bruce","Payne","Male","497"
"Valeria","Stevens","Female","969"
"Naomi","Farrell","Female","849"
"Dainton","Montgomery","Male","865"
"Andrew","Harris","Male","581"
"Aldus","Ross","Male","179"
"Arthur","Miller","Male","500"
"Stuart","Spencer","Male","477"
"Heather","Williams","Female","057"
"Edith","Barrett","Female","877"
"Dale","Riley","Male","984"
"Brad","Owens","Male","107"
"Ted","Taylor","Male","034"
"Kelvin","Lloyd","Male","650"
"Miley","Andrews","Female","565"
"Catherine","Cole","Female","271"
"Spike","Carter","Male","810"
"Adrianna","Cooper","Female","043"
"Stuart","Allen","Male","398"
"Julian","Myers","Male","551"
"Patrick","Evans","Male","128"
"Ryan","Montgomery","Male","451"
"Dainton","Wilson","Male","857"
"Victor","Parker","Male","971"
"Heather","Riley","Female","805"
"Cadie","Farrell","Female","251"
"Miranda","Montgomery","Female","942"
"Tara","Hunt","Female","983"
"Clark","Cooper","Male","096"
"Ryan","Edwards","Male","834"
"Patrick","Allen","Male","454"
"Deanna","Watson","Female","092"
"Stuart","Grant","Male","303"
"Edwin","Alexander","Male","610"
"Connie","Hunt","Female","683"
"Ashton","Anderson","Male","686"
"Sabrina","Hill","Female","060"
"Eddy","Williams","Male","315"
"Eric","Bennett","Male","705"
"Tess","Stewart","Female","433"
"Edward","Adams","Male","937"
"Mike","Riley","Male","334"
"Freddie","Thomas","Male","749"
"Kevin","Kelly","Male","016"
"Jared","Perry","Male","204"
"Brianna","Barrett","Female","841"
"Valeria","Robinson","Female","606"
"Agata","Andrews","Female","815"
"Aida","Rogers","Female","672"
"Victor","Kelley","Male","561"
"Alexia","Foster","Female","352"
"Oscar","Craig","Male","923"
"Walter","Thomas","Male","254"
"Kevin","Thomas","Male","189"
"Lenny","Roberts","Male","331"
"Florrie","Owens","Female","407"
"Paul","Miller","Male","560"
"Daisy","Ferguson","Female","197"
"Byron","Johnston","Male","968"
"Dainton","Hall","Male","437"
"Daisy","Andrews","Female","485"
"Lilianna","Turner","Female","611"
"Rebecca","Scott","Female","938"
"Carina","Cole","Female","075"
"Lucas","Douglas","Male","875"
"Daniel","Stevens","Male","508"
"Honey","Cameron","Female","403"
"Edith","Morgan","Female","044"
"Jasmine","Alexander","Female","019"
"Paige","Hunt","Female","281"
"Rubie","Ryan","Female","379"
"Elian","Kelley","Male","111"
"Sarah","Adams","Female","848"
"Michael","Brooks","Male","438"
"Cherry","Howard","Female","890"
"Sophia","Payne","Female","993"
"Sofia","Fowler","Female","061"
"Agata","Anderson","Female","050"
"Naomi","Wilson","Female","406"
"Ashton","Wright","Male","576"
"Adrianna","Adams","Female","796"
"Arnold","Cunningham","Male","850"
"Eleanor","Anderson","Female","587"
"George","Johnston","Male","362"
"Dainton","Fowler","Male","599"
"Naomi","Carter","Female","218"
"Edwin","Owens","Male","232"
"Amber","Wilson","Female","893"
"Aiden","Casey","Male","042"
"Walter","Warren","Male","851"
"Vincent","Ryan","Male","497"
"Samantha","Richards","Female","909"
"Arianna","Spencer","Female","381"
"Honey","Morgan","Female","517"
"Dexter","Perry","Male","018"
"Garry","West","Male","915"
"Sawyer","Casey","Male","583"
"Miranda","Henderson","Female","904"
"Catherine","West","Female","684"
"Aldus","Harris","Male","554"
"Anna","Cameron","Female","063"
"Anna","Casey","Female","172"
"Jared","Foster","Male","059"
"Thomas","Jones","Male","925"
"Catherine","Richardson","Female","087"
"Chester","Allen","Male","007"
"Spike","Phillips","Male","394"
"Andrew","Watson","Male","127"
"Anna","Moore","Female","444"
"Kelvin","Elliott","Male","863"
"Tyler","Montgomery","Male","155"
"Adrian","Foster","Male","911"
"Sarah","Cooper","Female","155"
"Jasmine","Roberts","Female","020"
"Mike","Carter","Male","688"
"Miley","Sullivan","Female","973"
"Audrey","Evans","Female","459"
"Brad","Carter","Male","428"
"Ryan","Foster","Male","390"
"Camila","Perry","Female","473"
"Blake","Kelly","Male","766"
"Lucas","Cole","Male","870"
"Alan","Brooks","Male","111"
"Lyndon","Miller","Male","147"
"Vivian","Craig","Female","056"
"Ryan","Montgomery","Male","983"
"Sarah","Craig","Female","927"
"Julia","Morgan","Female","001"
"Fiona","Grant","Female","525"
"Jacob","Richardson","Male","321"
"Tiana","Clark","Female","751"
"Fenton","Cunningham","Male","358"
"Arthur","Hunt","Male","160"
"Miller","Baker","Male","889"
"George","Cooper","Male","939"
"Andrew","West","Male","478"
"Sophia","Turner","Female","038"
"Nicholas","Riley","Male","366"
"Joyce","Riley","Female","618"
"Hailey","Ellis","Female","322"
"Stuart","Williams","Male","528"
"Camila","Higgins","Female","641"
"Rafael","Wright","Male","477"
"Rafael","Gibson","Male","822"
"Wilson","Miller","Male","248"
"Sienna","Richards","Female","492"
"Aldus","Alexander","Male","371"
"Aston","Russell","Male","105"
"Adrianna","Mitchell","Female","843"
"Alissa","Perkins","Female","534"
"April","Reed","Female","801"
"Haris","Hunt","Male","299"
"Freddie","Jones","Male","711"
"Tony","Casey","Male","309"
"Vincent","Cole","Male","694"
"Clark","Owens","Male","082"
"Tara","Nelson","Female","507"
"Audrey","Jones","Female","722"
"John","Sullivan","Male","244"
"Eleanor","Mason","Female","821"
"Catherine","Martin","Female","123"
"Oliver","Foster","Male","311"
"Fiona","Warren","Female","349"
"Lily","Perry","Female","584"
"Daryl","Robinson","Male","136"
"Lenny","Campbell","Male","613"
"David","Spencer","Male","132"
"Rafael","Turner","Male","649"
"Michelle","Harper","Female","701"
"Honey","Cole","Female","528"
"Connie","Tucker","Female","255"
"Steven","Wells","Male","322"
"Vincent","Morgan","Male","188"
"Steven","Cooper","Male","901"
"Adrianna","Murray","Female","004"
"Oscar","Barnes","Male","813"
"Leonardo","Morgan","Male","494"
"Florrie","Warren","Female","988"
"Melissa","Carroll","Female","339"
"Arnold","Hamilton","Male","263"
"Stella","Martin","Female","725"
"Sawyer","Lloyd","Male","944"
"Sarah","Richardson","Female","609"
"Lucia","Carroll","Female","204"
"Daisy","Morrison","Female","782"
"James","Kelley","Male","101"
"Victoria","Anderson","Female","914"
"Luke","Hall","Male","439"
"Wilson","Brown","Male","864"
"Amber","Murray","Female","358"
"Chelsea","Russell","Female","710"
"Spike","West","Male","469"
"Oliver","Barrett","Male","288"
"Ashton","Williams","Male","631"
"Rubie","Kelly","Female","445"
"Oliver","Lloyd","Male","243"
"James","Brooks","Male","271"
"Charlie","Gray","Male","061"
"Abraham","Dixon","Male","326"
"Abraham","Taylor","Male","064"
"Harold","Fowler","Male","528"
"Evelyn","Kelley","Female","334"
"Frederick","Baker","Male","799"
"Haris","Perry","Male","657"
"Daniel","Harper","Male","928"
"Maya","Martin","Female","026"
"Elise","Higgins","Female","994"
"Caroline","Edwards","Female","515"
"Catherine","Ross","Female","893"
"Sophia","Nelson","Female","078"
"Tyler","Wilson","Male","284"
"Alina","Hunt","Female","773"
"Tyler","Baker","Male","826"
"Sabrina","Turner","Female","724"
"Audrey","West","Female","927"
"Violet","Nelson","Female","645"
"Edgar","Brooks","Male","152"
"Blake","Evans","Male","465"
"Ashton","Harper","Male","631"
"Ned","Edwards","Male","914"
"Lucy","Watson","Female","831"
"Rubie","Dixon","Female","304"
"Adele","Armstrong","Female","760"
"Victor","Thomas","Male","822"
"Oscar","Andrews","Male","686"
"Jenna","Craig","Female","831"
"Richard","Kelly","Male","610"
"Thomas","Robinson","Male","081"
"Sienna","Miller","Female","668"
"Owen","Ryan","Male","015"
"Blake","Taylor","Male","292"
"Myra","Foster","Female","997"
"Jessica","Cameron","Female","230"
"Reid","Parker","Male","986"
"Sienna","Anderson","Female","072"
"Connie","West","Female","480"
"Tara","Mitchell","Female","037"
"Carlos","Johnston","Male","951"
"Michael","Phillips","Male","763"
"Edgar","Bailey","Male","216"
"Walter","West","Male","044"
"Isabella","Allen","Female","912"
"Rebecca","Campbell","Female","116"
"Bruce","Brooks","Male","388"
"Vincent","Dixon","Male","980"
"Nicholas","Myers","Male","416"
"Brianna","Parker","Female","847"
"Maria","Cooper","Female","268"
"Owen","Cole","Male","022"
"Miller","Morris","Male","093"
"Maximilian","Hill","Male","212"
"Steven","Richards","Male","299"
"Amanda","Thomas","Female","546"
"Aida","Campbell","Female","313"
"Ashton","Adams","Male","022"
"Robert","Bailey","Male","320"
"Lyndon","Murphy","Male","822"
"James","Cunningham","Male","223"
"Steven","Miller","Male","456"
"Tyler","Edwards","Male","840"
"Roland","Riley","Male","311"
"Violet","Williams","Female","564"
"Stella","Richards","Female","073"
"Miller","Wilson","Male","465"
"Emily","Russell","Female","570"
"Julia","Barrett","Female","126"
"Jared","Johnston","Male","041"
"Amelia","Harris","Female","758"
"Arthur","Jones","Male","901"
"Kimberly","Miller","Female","937"
"Maddie","Owens","Female","213"
"Belinda","Crawford","Female","232"
"Evelyn","Payne","Female","507"
"Valeria","Brown","Female","715"
"Hailey","Miller","Female","300"
"Adison","Ross","Male","148"
"Amelia","Carter","Female","975"
"Freddie","Wilson","Male","603"
"Victoria","Adams","Female","260"
"Aston","Carroll","Male","722"
"Isabella","Hill","Female","779"
"Alberta","Fowler","Female","001"
"Sawyer","Andrews","Male","680"
"Maximilian","Howard","Male","751"
"Adrian","Anderson","Male","179"
"Ted","Higgins","Male","779"
"Vivian","Scott","Female","095"
"Miller","Phillips","Male","302"
"Frederick","Cameron","Male","016"
"Sophia","Sullivan","Female","065"
"Alexia","Bennett","Female","384"
"Melissa","Cole","Female","522"
"Ryan","Ferguson","Male","220"
"Paul","Barnes","Male","178"
"Adrianna","Turner","Female","065"
"Rafael","Cunningham","Male","089"
"Chelsea","Douglas","Female","734"
"Charlie","Edwards","Male","127"
"Jack","Allen","Male","125"
"Connie","Harris","Female","656"
"Jenna","Andrews","Female","971"
"Cherry","Scott","Female","140"
"Mike","Taylor","Male","709"
"Maria","Kelly","Female","477"
"Kate","Douglas","Female","169"
"Sabrina","Douglas","Female","060"
"Lana","Andrews","Female","837"
"Adelaide","Scott","Female","114"
"Miley","Thompson","Female","565"
"Oscar","Chapman","Male","666"
"Ryan","Bennett","Male","393"
"Kimberly","Evans","Female","185"
"Nicole","Douglas","Female","877"
"Ryan","Scott","Male","669"
"Joyce","Watson","Female","702"
"Julia","Robinson","Female","705"
"Frederick","Gray","Male","747"
"Emily","Moore","Female","200"
"Madaline","Campbell","Female","507"
"Haris","Craig","Male","680"
"Lily","Ellis","Female","293"
"Antony","Henderson","Male","493"
"Maddie","Allen","Female","841"
"Rubie","Cunningham","Female","638"
"Vivian","Parker","Female","859"
"Robert","Scott","Male","681"
"Byron","Riley","Male","939"
"Alfred","Myers","Male","987"
"Isabella","Spencer","Female","285"
"Lana","Harris","Female","896"
"Albert","Harris","Male","332"
"Lucas","Bennett","Male","381"
"Andrew","Casey","Male","132"
"Dominik","Carter","Male","239"
"Wilson","Foster","Male","849"
"Eddy","Andrews","Male","047"
"Maya","Scott","Female","583"
"Alfred","Harper","Male","167"
"Tara","Perkins","Female","892"
"Adison","Phillips","Male","163"
"Daisy","Kelley","Female","728"
"Miranda","Morrison","Female","037"
"Jack","Cooper","Male","897"
"Vincent","Watson","Male","983"
"Kimberly","Crawford","Female","366"
"Carina","Chapman","Female","584"
"Alfred","Kelly","Male","556"
"Rafael","Murray","Male","649"
"Maya","Mason","Female","517"
"Dexter","Alexander","Male","821"
"Arianna","Reed","Female","554"
"Emma","Gibson","Female","985"
"Edith","Richardson","Female","556"
"Michelle","Warren","Female","586"
"Alen","Ellis","Male","906"
"Eric","Armstrong","Male","418"
"Miller","Casey","Male","875"
"Stuart","Parker","Male","746"
"Lyndon","Parker","Male","890"
"Steven","Carter","Male","181"
"Jessica","Rogers","Female","170"
"Lydia","Chapman","Female","621"
"Sydney","Holmes","Female","103"
"Fenton","Craig","Male","624"
"Adele","Clark","Female","414"
"Edwin","Mason","Male","570"
"Charlie","Ryan","Male","594"
"Ellia","Mitchell","Female","957"
"Miley","Parker","Female","781"
"Sawyer","Wilson","Male","708"
"Lucia","Evans","Female","120"
"Aiden","Davis","Male","029"
"Ted","Edwards","Male","264"
"Michael","Stewart","Male","426"
"Henry","Allen","Male","180"
"Victoria","Davis","Female","605"
"Cherry","Lloyd","Female","262"
"Michelle","Bennett","Female","441"
"Haris","Jones","Male","424"
"Cherry","Brown","Female","513"
"Harold","Barnes","Male","906"
"Dale","Hunt","Male","861"
"Stella","Evans","Female","920"
"Vivian","Cunningham","Female","407"
"Garry","Richardson","Male","767"
"Jessica","Stewart","Female","554"
"Florrie","Murray","Female","816"
"Kevin","Warren","Male","419"
"Justin","Mitchell","Male","807"
"Florrie","Roberts","Female","447"
"Ellia","Wells","Female","877"
"Preston","Morris","Male","145"
"Mary","Wells","Female","014"
"Naomi","Foster","Female","349"
"Mary","Higgins","Female","094"
"Richard","Hill","Male","112"
"Kelsey","Jones","Female","086"
"Sam","Warren","Male","965"
"Adrian","Carter","Male","001"
"Derek","Thompson","Male","141"
"Brianna","Holmes","Female","528"
"Fenton","Ellis","Male","294"
"Derek","Cunningham","Male","062"
"Edward","Richards","Male","215"
"Edwin","Johnston","Male","112"
"Victor","Carroll","Male","145"
"Edward","Higgins","Male","835"
"Alina","Hill","Female","657"
"Byron","Hunt","Male","235"
"Aldus","Cunningham","Male","789"
"Ellia","Turner","Female","703"
"Paige","Wright","Female","204"
"Dexter","Richards","Male","860"
"Adison","Chapman","Male","090"
"Kristian","Barnes","Male","013"
"Darcy","Parker","Female","956"
"Camila","Cooper","Female","238"
"Amber","Montgomery","Female","709"
"Florrie","Dixon","Female","667"
"Melanie","Jones","Female","857"
"Sofia","Scott","Female","608"
"Annabella","Owens","Female","659"
"Carlos","Perry","Male","622"
"Tess","Lloyd","Female","448"
"Isabella","Richards","Female","012"
"Byron","Elliott","Male","046"
"Miley","Lloyd","Female","494"
"Jacob","Fowler","Male","950"
"Kelvin","Turner","Male","724"
"Melissa","Cooper","Female","673"
"David","Johnson","Male","321"
"Maria","Turner","Female","478"
"Jessica","Hunt","Female","076"
"Melanie","Adams","Female","427"
"Luke","Ellis","Male","894"
"Kirsten","Sullivan","Female","080"
"Haris","Nelson","Male","720"
"Joyce","Andrews","Female","302"
"Paul","Ferguson","Male","586"
"Jack","Miller","Male","954"
"Annabella","Morgan","Female","157"
"Tony","Spencer","Male","133"
"Emily","Wells","Female","987"
"Robert","Miller","Male","517"
"Emily","Bennett","Female","636"
"Camila","Elliott","Female","819"
"Michelle","Kelley","Female","116"
"Ada","Walker","Female","613"
"Alexander","Fowler","Male","187"
"Ryan","Anderson","Male","079"
"Clark","Ryan","Male","640"
"Elise","Smith","Female","996"
"Miranda","Ferguson","Female","918"
"Owen","Walker","Male","208"
"Julia","Douglas","Female","130"
"Adelaide","Parker","Female","568"
"Honey","Grant","Female","608"
"Penelope","Roberts","Female","290"
"Luke","Carter","Male","157"
"Tyler","Howard","Male","611"
"Ada","Clark","Female","544"
"Honey","Turner","Female","273"
"Brianna","Evans","Female","665"
"Max","Gibson","Male","116"
"Vincent","Campbell","Male","798"
"Edwin","Parker","Male","710"
"Sophia","Ferguson","Female","770"
"Dominik","Russell","Male","586"
"Jenna","Warren","Female","962"
"Penelope","Davis","Female","767"
"Sawyer","Ryan","Male","608"
"Maddie","Tucker","Female","826"
"Audrey","Gibson","Female","945"
"Ashton","Parker","Male","464"
"Patrick","Barnes","Male","316"
"Nicholas","Ferguson","Male","759"
"Michael","Harrison","Male","999"
"Carlos","Baker","Male","080"
"Ellia","Alexander","Female","794"
"Agata","Murray","Female","521"
"Andrew","Tucker","Male","757"
"Catherine","Nelson","Female","280"
"Brad","Foster","Male","600"
"Lilianna","Cole","Female","154"
